{
  "accuracy": 0.8679766022144333,
  "roc_auc": 0.9110587741197942
}